Stock,Risk_Level,LastUpdated,Industry,Beta,Volatility,Debt_to_Equity,PE_Ratio,Earnings_Growth,MACD,Signal,RSI,EPS,Market_Cap (Millions),Dividend_Yield
ON,High,2024-06-09 09:32:19.507737,Airlines,1.58,0.6581420683843079,172.63593303571432,16.197184,0.4688577878103838,-0.1298477268311622,-0.1532147055678365,39.0449302945842,0.71,7545.034752,0.0239807407137777
AAL,High,2024-06-09 09:32:19.507737,Consumer Electronics,1.264,0.4431163943161882,140.968,30.57298,-0.022,-0.8613754848217354,-1.4330490987011997,52.0483452107807,6.44,3019131.060224,0.0050999997
ABNB,High,2024-06-09 09:32:19.507737,Travel Services,1.246,0.5085531180131686,29.002,19.659517,1.256,0.1335075465159718,0.0295555717347058,43.21966841212869,7.46,93106.225152,0.0239807407137777
PARA,High,2024-06-09 09:32:19.507737,Software - Infrastructure,1.281,0.4850391646451664,26.429,44.453674,-0.503,-12.908131084445472,-14.92378156453743,31.48177326810737,10.47,208512.630784,0.0239807407137777
VTR,High,2024-06-09 09:32:19.507737,Semiconductors,1.66,0.5922712182928123,5.335,243.28986,0.4688577878103838,-6.084850683236198,-6.849901370934339,49.25289835937787,0.69,271329.951744,0.0239807407137777
SWKS,High,2024-06-09 09:32:19.507737,Specialty Retail,1.883,0.4371492362453624,172.63593303571432,11.844961,0.074,-0.1828225645086547,-0.3251991832818741,50.10052661675202,3.87,10232.909824,0.0175
UAL,High,2024-06-09 09:32:19.507737,Building Products & Equipment,2.079,0.682544878751838,85.664,12.577816,-0.225,-3.3808009849377925,-3.409852786125948,40.23131423519877,11.63,17854.498816,0.0239807407137777
MHK,High,2024-06-09 09:32:19.507737,Travel Services,2.539,0.4311681606090022,479.273,52.187504,0.4688577878103838,-0.2382580175808719,-0.3436458083006566,48.02475381359893,0.32,21877.000192,0.0239807407137777
BBWI,High,2024-06-09 09:32:19.507737,Credit Services,1.463,0.4605825125689292,172.63593303571432,10.956113,0.333,1.4596887434108226,1.3202454554955727,46.85440792205797,12.76,53392.695296,0.0172
TSLA,High,2024-06-09 09:32:19.507737,Airlines,1.392,0.5164882648030005,245.799,6.466666,0.4688577878103838,1.3281669585521314,1.1962667901852098,65.90854880217125,7.8,32549.588992,0.007900001
KLAC,High,2024-06-09 09:32:19.507737,Software - Application,1.3,0.4553376863849082,50.945,156.1515,-0.283,-1.37157128696213,-1.73889545912254,52.938428510852304,0.33,8136.586752,0.0239807407137777
TECH,High,2024-06-09 09:32:19.507737,Credit Services,1.427,0.4418640055741251,139.096,14.177071,-0.682,1.1969823040530514,1.0056717568656437,53.58264776989877,8.81,31299.817472,0.0224
QRVO,High,2024-06-09 09:32:19.507737,Internet Retail,1.998,0.5993595118590237,172.63593303571432,29.808218,-0.155,-0.0560482723565343,-0.3528623062133205,59.570287354736365,2.19,7633.385984,0.0239807407137777
BLDR,High,2024-06-09 09:32:19.507737,Travel Services,1.838,0.4471187005172336,306.976,23.351044,0.4688577878103838,0.1579722217442167,-0.6726729324763729,55.73467700986824,5.27,16301.881344,0.0239807407137777
RCL,High,2024-06-09 09:32:19.507737,Aerospace & Defense,1.248,0.4131429571240471,93.955,40.47343,0.642,0.0824007699898459,-0.2098990852197845,66.4520694848633,2.07,34197.571584,0.0023
PHM,High,2024-06-09 09:32:19.507737,Diagnostics & Research,1.203,0.5723577817681457,39.693,32.08043528089172,0.4688577878103838,-2.672464689545791,-3.182874984994692,48.80287561084861,-8.15,18112.4096,0.0239807407137777
COF,High,2024-06-09 09:32:19.507737,Semiconductor Equipment & Materials,1.33,0.5103423793739007,220.483,40.323544,-0.138,0.1136605086882127,-3.818532980535619,55.20600763480948,19.07,103534.116864,0.0075
HWM,High,2024-06-09 09:32:19.507737,Apparel Retail,1.304,0.4925344729772475,33.226,25.510431,0.107,-12.331796530023553,-17.614069483775623,48.860009718819256,12.46,39733.133312,0.0239807407137777
NVDA,High,2024-06-09 09:32:19.507737,Semiconductors,1.596,0.4759255935332794,92.54,26.681034,-0.744,1.088987911574037,0.2797752386269908,62.94293390414637,3.48,49849.864192,0.0195
ADBE,High,2024-06-09 09:32:19.507737,"Furnishings, Fixtures & Appliances",1.354,0.4083772663845646,39.974,32.08043528089172,0.309,-1.6559492156447106,-2.046549299102919,52.57056663352986,-6.52,7243.991552,0.0239807407137777
AMD,High,2024-06-09 09:32:19.507737,Semiconductors,1.217,0.4614212096804659,0.405,89.26841,-0.157,-4.144669166678,-10.222122875497996,58.8091723336165,8.42,36583.821312,0.0067000003
ULTA,High,2024-06-09 09:32:19.507737,Biotechnology,1.565,0.7371604760133252,9.651,32.08043528089172,0.4688577878103838,1.517224538438441,1.0281637653310711,62.37335789369137,-15.6,57873.072128,0.0239807407137777
DFS,High,2024-06-09 09:32:19.507737,Capital Markets,1.398,0.4585630970914117,416.25,17.661818,0.145,0.687444525277769,0.5869435489516851,49.03442181286838,5.5,157868.032,0.035
URI,High,2024-06-09 09:32:19.507737,Travel Services,2.597,0.5614442959680089,3984.371,21.962963,0.4688577878103838,-0.028536774393661,-0.1107890910805305,50.23558338253482,0.81,7632.639488,0.0239807407137777
EXPE,High,2024-06-09 09:32:19.507737,Semiconductors,1.749,0.6012614432087707,22.866,711.10583,6.284,-3.233936267193826,-4.36102939004525,54.41090295598462,1.7,2973639.376896,0.0033000002
MS,High,2024-06-09 09:32:19.507737,Semiconductors,1.784,0.6088980809816756,44.141,14.757142,-0.019,-1.496421668898364,-2.4902510906249464,64.92707323943621,4.9,31110.074368,0.0239807407137777
MCHP,High,2024-06-09 09:32:19.507737,Entertainment,1.761,0.4555569175133069,70.766,32.08043528089172,0.4688577878103838,0.1176904218841912,0.0696563847915424,42.65310570269007,-1.13,8390.67904,0.0167
CCL,High,2024-06-09 09:32:19.507737,Residential Construction,1.569,0.4483664371831988,24.102,8.944667,0.246,0.0166686551334436,-0.3286096468159658,50.092810797345045,12.47,23461.545984,0.0072000003
DAY,High,2024-06-09 09:32:19.507737,Semiconductors,1.532,0.4239339889174067,57.761,32.08043528089172,0.4688577878103838,0.498064374088969,-0.4152997613195748,62.55388256645988,-0.72,9514.139648,0.0239807407137777
MRNA,High,2024-06-09 09:32:19.507737,Travel Services,2.498,0.4814511834198579,397.84,19.690447,0.4688577878103838,2.1782983815538444,1.1956218314259652,62.34923401419039,7.85,39778.435072,0.0239807407137777
NCLH,High,2024-06-09 09:32:19.507737,Semiconductors,1.353,0.6369262219135944,19.024,17.101694,-0.213,-0.0745858062802824,-0.9491283193932808,66.25956593558472,5.31,14570.192896,0.03
LULU,High,2024-06-09 09:32:19.507737,Biotechnology,1.232,0.4018977286506888,24.56,62.103996,-0.301,-1.8095514376987007,-1.8940240210832828,39.75349374567051,1.25,12233.322496,0.0041
TPR,High,2024-06-09 09:32:19.507737,Luxury Goods,1.627,0.4347432708190303,334.035,11.506632,-0.253,-1.3100642261761308,-1.3365354078806106,39.293594571261856,3.77,9967.552512,0.0323
AAPL,High,2024-06-09 09:32:19.507737,Scientific & Technical Instruments,1.508,0.5053994713284862,72.33,57.281254,-0.556,-0.4855743862829484,-0.5398339327783079,50.73177594305199,0.96,13428.998144,0.0239807407137777
DAL,High,2024-06-09 09:32:19.507737,Auto Manufacturers,2.408,0.5681559814717109,15.206,45.50769,-0.551,-0.2239043462734002,-4.227654600900197,63.64863528179292,3.9,566019.162112,0.0239807407137777
ILMN,High,2024-06-09 09:32:19.507737,Airlines,1.49,0.6456677103906221,379.234,6.471307,0.4688577878103838,2.3607691657518544,1.835921453491076,57.88237562933271,8.19,17426.558976,0.0239807407137777
MPWR,High,2024-06-09 09:32:19.507737,Specialty Retail,1.359,0.4630692146797417,82.268,14.928209,-0.098,-25.32570011907848,-25.73147650799297,22.639546094906137,25.63,18256.771072,0.0239807407137777
TRMB,High,2024-06-09 09:32:19.507737,Rental & Leasing Services,1.823,0.5161054118387857,164.667,17.450502,0.202,-1.5960596168234815,-4.746775127884406,47.609783215207386,36.87,43217.375232,0.0101
ETSY,High,2024-06-09 09:32:19.507737,REIT - Healthcare Facilities,1.262,0.4069391410980976,141.19,32.08043528089172,0.4688577878103838,0.2553910217568997,0.041156110720196,63.46129624408629,-0.16,20121.315328,0.036199998
ABT,Low,2024-06-09 09:39:19.570573,Medical Devices,0.751,0.2545484615007474,37.664,33.51402,-0.071,-1.6188994911578192,-1.6610397080952,33.65733261326575,3.21,187149.385728,0.020399999
AEE,Low,2024-06-09 09:39:19.570573,Utilities - Regulated Electric,0.443,0.2162939962920444,148.496,16.300459,-0.011,0.5823069964510807,0.4852017632585234,53.75258862133341,4.36,18952.237056,0.0377
AEP,Low,2024-06-09 09:39:19.570573,Utilities - Regulated Electric,0.5,0.2081814673646547,170.989,16.443203,1.527,0.8207530792619337,0.4920518935865451,59.11210160750838,5.37,46544.871424,0.0399
AJG,Low,2024-06-09 09:39:19.570573,Insurance Brokers,0.694,0.2523460945807682,75.987,51.530487,0.251,-2.6594355067394417,-2.695623736337095,40.81555794914768,4.92,55400.361984,0.0095
ATO,Low,2024-06-09 09:39:19.570573,Utilities - Regulated Gas,0.656,0.2307942357606935,64.859,17.312216,0.208,0.6775108469627042,0.4140412010413624,57.10058845829315,6.63,17317.660672,0.028099999
AWK,Low,2024-06-09 09:39:19.570573,Utilities - Regulated Water,0.615,0.232760724898266,131.948,25.961538,0.088,0.6251055310502096,0.0255210149961983,67.75859401895042,4.94,24986.05056,0.0239
CAG,Low,2024-06-09 09:39:19.570573,Packaged Foods,0.371,0.2652175281429411,94.058,14.934673,-0.097,0.5335016263116579,0.5221572500754522,58.6558344863128,1.99,14208.032768,0.0471
CBOE,Low,2024-06-09 09:39:19.570573,Financial Data & Stock Exchanges,0.588,0.2485618001131532,39.882,23.147451,0.208,-0.6064062156349337,-1.074246798200713,56.41681686793213,7.46,18157.991936,0.0127
CLX,Low,2024-06-09 09:39:19.570573,Household & Personal Products,0.426,0.2894363366012437,1184.314,68.54124,0.4688577878103838,-0.0535245241268569,-0.9394910707077684,62.08697420856557,1.94,16513.278976,0.0361
CMS,Low,2024-06-09 09:39:19.570573,Utilities - Regulated Electric,0.373,0.2852107863040214,185.822,18.484756,0.407,0.4220552390491363,0.2435508616703184,64.61375320650797,3.28,18106.241024,0.034
CPB,Low,2024-06-09 09:39:19.570573,Packaged Foods,0.218,0.2459807253553821,191.162,17.352226,-0.169,0.5978218321623316,0.4462164212025621,68.73920353941645,2.47,12796.023808,0.0345
D,Low,2024-06-09 09:39:19.570573,Utilities - Regulated Electric,0.585,0.2138525858267617,152.62,22.268398,-0.313,0.8217501393694491,0.6664943194468707,63.75126899897646,2.31,43117.572096,0.0519
DTE,Low,2024-06-09 09:39:19.570573,Utilities - Regulated Electric,0.64,0.1991613652297,197.647,18.384615,-0.297,0.5088476472343473,0.1391047451600977,56.90535886604668,6.11,23245.232128,0.0363
DUK,Low,2024-06-09 09:39:19.570573,Utilities - Regulated Electric,0.454,0.214931396063177,162.572,18.357782,0.415,0.9605544493269064,0.7580783921467318,58.56075726554602,5.59,79198.937088,0.04
ED,Low,2024-06-09 09:39:19.570573,Utilities - Regulated Electric,0.336,0.1982052075821091,115.771,17.482826,-0.498,1.2208561607026809,0.8312498459845167,69.8140310329576,5.24,31681.9456,0.036199998
EG,Low,2024-06-09 09:39:19.570573,Insurance - Reinsurance,0.569,0.2939029163806836,24.846,5.649498,1.008,-3.3470138376223986,-3.5397174937417746,45.72349207114041,67.76,16636.233728,0.0209
ES,Low,2024-06-09 09:39:19.570573,Utilities - Regulated Electric,0.583,0.2346704653899003,192.439,32.08043528089172,0.062,0.5151330361090487,0.4030256212107702,60.564313002902125,-1.19,20635.099136,0.048800003
ETR,Low,2024-06-09 09:39:19.570573,Utilities - Regulated Electric,0.692,0.2435769953146262,191.973,10.868738,-0.758,1.0144210641442726,0.8407469652759169,56.805686630958654,9.98,23162.35776,0.0417
EVRG,Low,2024-06-09 09:39:19.570573,Utilities - Regulated Electric,0.564,0.2197073439610001,141.044,17.194805,-0.14,0.2341217710702565,0.1556452294261793,56.99745502598677,3.08,12177.03936,0.048499998
EXC,Low,2024-06-09 09:39:19.570573,Utilities - Regulated Electric,0.597,0.2371799998121166,174.092,15.523605,-0.016,0.2510799285960701,0.2145549229878785,56.596571153809634,2.33,36171.083776,0.042
FE,Low,2024-06-09 09:39:19.570573,Utilities - Regulated Electric,0.474,0.2534871156721471,180.085,20.539682,-0.134,0.1457651909700104,0.0806426012535847,53.95215952730472,1.89,22341.531648,0.0438
GIS,Low,2024-06-09 09:39:19.570573,Packaged Foods,0.14,0.2144304312200244,129.126,15.472476,0.212,0.9510351351831332,0.9257328831683987,55.66662583910623,4.36,38084.472832,0.035
HII,Low,2024-06-09 09:39:19.570573,Aerospace & Defense,0.6,0.2680879983463392,64.348,14.06377,0.186,-2.2514112783254063,-2.8269515340619207,50.96987029385793,17.72,9827.173376,0.0209
HRL,Low,2024-06-09 09:39:19.570573,Packaged Foods,0.272,0.2559632418751678,48.248,21.885714,-0.129,0.4611387682496612,0.4255272851844855,68.68552885374137,1.4,16800.065536,0.0369
HSY,Low,2024-06-09 09:39:19.570573,Confectioners,0.327,0.245299832223539,138.664,19.41188,0.358,-0.8955468846833412,-1.688288123966453,68.8664489573182,10.1,39649.01376,0.027999999
JNJ,Low,2024-06-09 09:39:19.570573,Drug Manufacturers - General,0.547,0.2288104546453479,48.032,21.821959,0.4688577878103838,-2.4605350586053305,-2.486751055111029,29.764447673063785,6.74,353974.51776,0.0337
K,Low,2024-06-09 09:39:19.570573,Packaged Foods,0.401,0.2453103478862462,203.661,25.26695,-0.104,0.6406748692962836,0.5740324974909613,56.065760946688094,2.36,20386.543616,0.0376
LLY,Low,2024-06-09 09:39:19.570573,Drug Manufacturers - General,0.371,0.270805667713788,204.278,124.99853,0.668,-3.707094119301587,-4.695348928157821,69.95496277234572,6.8,807834.74688,0.0061000003
LNT,Low,2024-06-09 09:39:19.570573,Utilities - Regulated Electric,0.536,0.2061546876880834,141.807,18.229092,-0.031,0.3393237573192778,0.2028897878395372,62.25430014113847,2.75,12852.28032,0.0383
MAA,Low,2024-06-09 09:39:19.570573,REIT - Residential,0.787,0.2772652401886851,74.334,28.649897,0.058,0.2446115816337908,-0.13920982952551,58.97974751702438,4.77,16393.596928,0.043
MCD,Low,2024-06-09 09:39:19.570573,Restaurants,0.709,0.2916074742322208,172.63593303571432,21.786564,0.07,-1.47543773072573,-2.4827218282170844,48.43680414443669,11.76,184645.926912,0.026099999
MKC,Low,2024-06-09 09:39:19.570573,Packaged Foods,0.72,0.2657781978493598,85.763,26.175575,0.193,1.117051691185182,1.0492012151716874,67.38288325140397,2.62,18423.056384,0.024500001
MRK,Low,2024-06-09 09:39:19.570573,Drug Manufacturers - General,0.402,0.2480047853075263,84.65,145.18889,0.688,1.0140360946584366,0.6992968427378451,59.3959126855263,0.9,330962.272256,0.023599999
MTB,Low,2024-06-09 09:39:19.570573,Banks - Regional,0.772,0.282265805671439,172.63593303571432,9.920271,-0.244,1.6218757450621697,1.0786446768234352,53.65065762713476,14.8,24497.506304,0.0368
NEE,Low,2024-06-09 09:39:19.570573,Utilities - Regulated Electric,0.494,0.2162535894563062,134.599,20.59836,0.087,1.5186953145670683,1.391290885428645,65.80126143497623,3.66,154891.026432,0.0273
NI,Low,2024-06-09 09:39:19.570573,Utilities - Regulated Gas,0.481,0.2321515539920432,132.425,18.363638,0.096,0.3156979760181748,0.2593059733173645,66.07539545119178,1.54,12678.065152,0.0375
PEP,Low,2024-06-09 09:39:19.570573,Beverages - Non-Alcoholic,0.525,0.2430500086940068,239.02,25.759035,0.057,1.863802981434844,1.3685275198789206,59.9984825802136,6.64,235144.06912,0.0317
PM,Low,2024-06-09 09:39:19.570573,Tobacco,0.618,0.2317219071389526,172.63593303571432,20.236328,0.077,1.3438760391269966,0.9133579098068972,55.719412235578254,5.12,161067.958272,0.0502
PNW,Low,2024-06-09 09:39:19.570573,Utilities - Regulated Electric,0.478,0.2715276089218352,166.467,16.490196,0.4688577878103838,0.6529676050751618,0.5882874730803017,58.92073076154352,4.59,8595.280896,0.0465
ROL,Low,2024-06-09 09:39:19.570573,Personal Services,0.656,0.2990436146219721,73.227,51.744446,0.07,-0.2355609730679617,-0.3982778133383233,60.57575183774709,0.9,22564.794368,0.0128999995
RSG,Low,2024-06-09 09:39:19.570573,Waste Management,0.676,0.2925942279070094,120.796,32.798244,0.182,1.6280293457821244,1.5183352369089465,54.922636710346175,5.7,58876.534784,0.0114
SJM,Low,2024-06-09 09:39:19.570573,Packaged Foods,0.23,0.2486930294673149,108.709,16.126228,0.4688577878103838,-1.486939644300108,-1.9515185598755167,48.21850363738691,7.13,12208.116736,0.0369
SO,Low,2024-06-09 09:39:19.570573,Utilities - Regulated Electric,0.476,0.2012850259609693,183.815,20.191711,0.31,1.158469380953747,0.833609329671591,60.68072387660411,3.86,85221.941248,0.037
SRE,Low,2024-06-09 09:39:19.570573,Utilities - Diversified,0.704,0.2495870194467934,93.082,16.66593,-0.171,0.4106914441593545,0.1057430660163314,58.082867340278014,4.52,47672.291328,0.032899998
T,Low,2024-06-09 09:39:19.570573,Telecom Services,0.7,0.2471304062772449,126.105,9.731183,-0.185,-0.018525083136879,-0.0791781895701515,58.86611058954441,1.86,129780.08064,0.061300002
UDR,Low,2024-06-09 09:39:19.570573,REIT - Residential,0.775,0.2727109787794397,122.458,28.746376,0.394,0.4220035551918997,0.2245125321660644,67.29539363372203,1.38,14953.923584,0.0429
VRSK,Low,2024-06-09 09:39:19.570573,Consulting Services,0.789,0.2210413196488342,1077.311,48.351646,2.901,-3.3427242191107496,-3.397930721881476,22.79641931160444,5.46,37666.2016,0.0058999998
WBA,Low,2024-06-09 09:39:19.570573,Pharmaceutical Retailers,0.793,0.2900879796744319,225.378,32.08043528089172,0.4688577878103838,-0.6281990139948093,-0.7138328802341529,39.4255904927819,-7.0,13665.374208,0.0631
WEC,Low,2024-06-09 09:39:19.570573,Utilities - Regulated Electric,0.397,0.1938854392353805,149.608,17.434498,0.226,0.5926203679713353,0.3548213646553596,61.46193676044587,4.58,25218.465792,0.0418
XEL,Low,2024-06-09 09:39:19.570573,Utilities - Regulated Electric,0.366,0.2226843494971422,160.765,16.438438,0.167,0.2518729811259348,0.2192652816634584,43.64905273759662,3.33,30415.679488,0.04
ADI,Low,2024-06-09 09:43:22.557609,Semiconductors,1.144,0.4357962451109573,23.034,54.981266,-0.691,1.4874284517054264,0.1984776502841754,61.50964131344948,4.27,116496.867328,0.015700001
AFL,Low,2024-06-09 09:43:22.557609,Insurance - Life,0.91,0.3613119966555044,49.968,9.767877,0.582,0.2096759932548479,0.0109365061604723,54.26995768422394,9.09,50452.434944,0.0225
AIG,Low,2024-06-09 09:43:22.557609,Insurance - Diversified,1.027,0.42771933110212623,44.665,11.363228,39.533,-0.0253799799946392,-0.0563631138932543,55.29021755539018,6.69,50452.037632,0.021
AIZ,Low,2024-06-09 09:43:22.557609,Insurance - Specialty,0.526,0.31963470701820373,42.301,12.121678,1.081,-1.3582759457482894,-1.402295143991492,46.957277828228754,14.3,9011.218432,0.0166
AKAM,Low,2024-06-09 09:43:22.557609,Software - Infrastructure,0.716,0.6348009553630838,98.688,22.2394,0.806,-1.937092276615388,-2.095603428787049,33.31049036827662,4.01,13583.629312,0.023980740713777773
ALB,Low,2024-06-09 09:43:22.557609,Specialty Chemicals,1.652,0.381214410716618,31.084,41.644928,-0.998,-1.4623744917975898,-1.8903594598757016,53.49691157437277,2.76,13508.553728,0.0139
AMCR,Low,2024-06-09 09:43:22.557609,Packaging & Containers,0.848,0.24822525526439038,193.563,22.244446,0.057,-0.0680451000005977,-0.0730532347762176,43.19289486860261,0.45,14467.854336,0.05
AMGN,Low,2024-06-09 09:43:22.557609,Drug Manufacturers - General,0.599,0.3795822401085418,1274.791,43.69914,0.4688577878103838,-0.8913042547027885,-2.072263214918918,57.3483633472032,6.98,163623.40352,0.0295
AMT,Low,2024-06-09 09:43:22.557609,REIT - Specialty,0.705,0.45848588861031636,448.718,43.851017,1.732,-5.091259836143735,-5.247697727747076,35.055558939971164,4.43,90714.56256,0.0334
APD,Low,2024-06-09 09:43:22.557609,Specialty Chemicals,0.808,0.2809874972090071,87.781,25.25113,0.302,-0.4909897350114534,-1.0711002081464296,55.48946552837026,11.07,62141.19424,0.0253
APTV,Low,2024-06-09 09:43:22.557609,Auto Parts,1.909,0.3652718460398468,59.287,7.652255,0.346,-1.7902614002022688,-1.9132405262476129,43.70593652679008,10.64,22151.288832,0.023980740713777773
AVB,Low,2024-06-09 09:43:22.557609,REIT - Residential,0.912,0.2826870615483415,69.43,29.346727,0.181,2.474172856873821,1.8636683171518729,61.36388245303215,6.72,28040.501248,0.0345
AVGO,Low,2024-06-09 09:43:22.557609,Semiconductors,1.262,0.352759892375916,166.032,52.34983,1.727,-2.1667739293764043,-4.369973761946621,50.5567578088073,26.87,651866.537984,0.0149
AVY,Low,2024-06-09 09:43:22.557609,Packaging & Containers,0.919,0.30815642974307467,147.024,33.13177,0.422,0.2466892822816078,-0.3130827383976293,60.61787975059077,6.83,18228.4288,0.0156
AXON,Low,2024-06-09 09:43:22.557609,Aerospace & Defense,0.907,0.6047254134969141,39.606,82.01754,1.951,0.7725988411233402,0.1673814982791451,67.14908266983144,3.42,21168.549888,0.023980740713777773
AXP,Low,2024-06-09 09:43:22.557609,Credit Services,1.203,0.3482855827002859,176.425,19.149796,0.342,4.509606425184103,3.312856379572109,57.98291812700316,12.15,167360.217088,0.012
BA,Low,2024-06-09 09:43:22.557609,Aerospace & Defense,1.542,0.3395717604147164,172.63593303571432,32.08043528089172,0.4688577878103838,-5.2746730845856575,-5.859788775624815,41.31340425660899,-3.54,116785.299456,0.023980740713777773
BAC,Low,2024-06-09 09:43:22.557609,Banks - Diversified,1.375,0.3781574033705496,172.63593303571432,13.71724,-0.182,0.3868495693608764,0.3589102546939826,46.82464649227941,2.9,311094.31296,0.0241
BF-B,Low,2024-06-09 09:43:22.557609,Unknown,1.06468154158215,0.2479714065314426,88.143,20.509344,0.285,-1.1815119250812387,-1.229485493502553,29.69285088518288,2.14,20698.523648,0.0198
BK,Low,2024-06-09 09:43:22.557609,Asset Management,1.102,0.32156128970369363,172.63593303571432,15.115289,0.044,0.3965854994617572,0.249166228594711,51.21263592553528,3.99,45100.785664,0.0279
BLK,Low,2024-06-09 09:43:22.557609,Asset Management,1.381,0.34068367941874944,27.864,19.529726,0.36,-12.94962341407154,-13.107978003970668,36.16267841271417,39.36,114227.331072,0.026500002
BSX,Low,2024-06-09 09:43:22.557609,Medical Devices,0.769,0.3826551273624809,54.547,64.79832,0.573,1.3083571365692706,0.8957897694725723,65.12334549087043,1.19,113365.581824,0.023980740713777773
BXP,Low,2024-06-09 09:43:22.557609,REIT - Office,1.16,0.32147486470742764,195.177,48.57377,0.026,-0.1386602935384786,-0.4338653721390764,52.21177322168824,1.22,10442.61888,0.0661
C,Low,2024-06-09 09:43:22.557609,Banks - Diversified,1.483,0.39991335970258474,172.63593303571432,18.011662,-0.268,0.6810633923763589,0.5775899199232986,51.99700076828004,3.43,117841.641472,0.0343
CB,Low,2024-06-09 09:43:22.557609,Insurance - Property & Casualty,0.633,0.3127516469598764,33.167,11.876445,0.133,-1.2796917015732845,-1.4451242879697337,52.27972605900364,22.5,108507.619328,0.0136
CCI,Low,2024-06-09 09:43:22.557609,REIT - Specialty,0.772,0.4710373060486652,481.548,31.44375,-0.256,-2.5087678723024,-2.644857455914824,35.97759672316981,3.2,43721.70752,0.0622
CDW,Low,2024-06-09 09:43:22.557609,Information Technology Services,1.089,0.2805734165006815,289.176,27.995007,-0.061,-1.7372153540422062,-1.8585648983306848,46.79362274830392,8.01,30137.407488,0.0111
CF,Low,2024-06-09 09:43:22.557609,Agricultural Inputs,1.02,0.4547367087919671,40.233,12.869421,-0.654,-0.6662772769403631,-0.7414984542774761,42.31211211139895,6.05,14231.406592,0.0257
CFG,Low,2024-06-09 09:43:22.557609,Banks - Regional,1.353,0.377090354721632,172.63593303571432,12.284173,-0.346,0.2562626119807163,0.1736476497863927,50.70599671670503,2.78,15538.93376,0.049200002
CHRW,Low,2024-06-09 09:43:22.557609,Integrated Freight & Logistics,0.752,0.323758280486931,145.866,34.244095,-0.191,-0.6464913568540283,-0.8649113642183828,51.32043394140399,2.54,10184.923136,0.028099999
CHTR,Low,2024-06-09 09:43:22.557609,Telecom Services,0.973,0.29366105888177707,627.739,8.9618,0.083,-7.274764877586733,-7.8113382398016,35.90457228027651,30.89,39871.823872,0.023980740713777773
CNC,Low,2024-06-09 09:43:22.557609,Healthcare Plans,0.41,0.4111152951851349,66.509,13.76923,0.029,-0.3495605570722517,-0.5223501752324997,38.69360237931963,5.07,37254.524928,0.023980740713777773
CNP,Low,2024-06-09 09:43:22.557609,Utilities - Regulated Electric,0.911,0.274500728896838,191.648,21.246479,0.077,0.3162601029757077,0.1820678871852941,64.45277076085596,1.42,19300.47488,0.026500002
COR,Low,2024-06-09 09:43:22.557609,Medical Distribution,0.469,0.32025367468601534,543.697,25.76258,-0.034,0.1869032965423684,0.1097915766701086,50.736315206392426,9.14,46370.869248,0.0087
COST,Low,2024-06-09 09:43:22.557609,Discount Stores,0.759,0.3144199001888681,42.704,52.3579,0.291,-0.2006390618631712,-1.6536169951234798,53.16083450117336,16.15,374908.223488,0.0055
CPT,Low,2024-06-09 09:43:22.557609,REIT - Residential,0.834,0.28502914833289544,71.268,26.149511,1.001,0.6219240617919581,0.4093061053590064,59.9831766645682,4.08,11366.219776,0.038599998
CSGP,Low,2024-06-09 09:43:22.557609,Real Estate Services,0.841,0.4433412415004482,15.053,105.84721,-0.923,-0.0978833834690817,-0.5149784823010045,56.8916540588012,0.72,31130.640384,0.023980740713777773
CVX,Low,2024-06-09 09:43:22.557609,Oil & Gas Integrated,1.107,0.25662191541106966,13.507,14.372008,-0.163,2.064835569218218,1.8832050028720675,46.45652349735718,10.86,285439.09888,0.0418
DECK,Low,2024-06-09 09:43:22.557609,Footwear & Accessories,1.06468154158215,0.6149619826474239,12.663,35.837685,0.39,-16.68641273695914,-18.004528919409495,43.77019416783954,29.14,26569.859072,0.023980740713777773
DGX,Low,2024-06-09 09:43:22.557609,Diagnostics & Research,0.87,0.29970981784756484,81.76,19.157469,-0.04,2.1682881969894368,1.2720563197002006,66.36612214746872,7.43,15812.835328,0.0211
DHR,Low,2024-06-09 09:43:22.557609,Diagnostics & Research,0.854,0.34531458355665434,36.041,48.27156,-0.25,-0.2684230577752373,-1.1661836197858844,55.04619367901713,5.45,194859.925504,0.0041
DLR,Low,2024-06-09 09:43:22.557609,REIT - Specialty,0.562,0.3307128277912756,88.764,40.54017,3.096,-0.3444389620234176,-0.6378337323776375,44.29174068695102,3.61,48455.020544,0.033299997
DOC,Low,2024-06-09 09:43:22.557609,REIT - Healthcare Facilities,1.007,0.29078854266898774,94.41,55.11429,-0.944,0.1807812399687165,0.1673290400803237,54.12470464531648,0.35,13575.955456,0.0622
DOV,Low,2024-06-09 09:43:22.557609,Specialty Industrial Machinery,1.253,0.28126100525196857,76.51,17.040386,1.766,1.604576799326054,0.8333907453899275,69.87142052537554,10.4,24355.344384,0.0115
DRI,Low,2024-06-09 09:43:22.557609,Restaurants,1.266,0.3566011492545645,314.352,17.413834,0.092,-2.21312413970702,-2.6516553263185894,34.6425295178457,8.53,17729.585152,0.0353
EA,Low,2024-06-09 09:43:22.557609,Electronic Gaming & Multimedia,0.777,0.4703729678315133,29.229,29.235044,0.4688577878103838,-1.5226819768045772,-1.794973567649786,38.011869622068296,4.68,36445.978624,0.0056
EIX,Low,2024-06-09 09:43:22.557609,Utilities - Regulated Electric,0.951,0.2675990929647607,208.078,32.59031,0.4688577878103838,0.6148813407367015,0.4603313182475636,60.85905555466034,2.27,28464.027648,0.0422
EL,Low,2024-06-09 09:43:22.557609,Household & Personal Products,1.069,0.3133005996689806,149.453,67.67978,1.115,0.27227829644346,-0.2281930791882597,54.58896132296015,1.78,43196.207104,0.0219
ELV,Low,2024-06-09 09:43:22.557609,Healthcare Plans,0.791,0.30537198023820833,64.974,20.322021,0.129,7.318826373954948,5.669735862366676,54.87319850317168,26.52,125259.358208,0.0121
EQR,Low,2024-06-09 09:43:22.557609,REIT - Residential,0.833,0.3047472015901504,64.986,27.807693,0.395,0.8264659749150738,0.5037215253978761,61.365956488728536,2.34,24659.707904,0.041500002
EQT,Low,2024-06-09 09:43:22.557609,Oil & Gas E&P,1.103,0.3361632632051421,36.284,30.02963,-0.915,1.1208713227083391,0.7570035690716956,68.02384300165328,1.35,17902.180352,0.0155
ESS,Low,2024-06-09 09:43:22.557609,REIT - Residential,0.803,0.2722703932673146,114.961,32.691463,0.776,2.319735228138484,1.419356667914705,61.807590948133104,8.2,17818.05056,0.0366
FDS,Low,2024-06-09 09:43:22.557609,Financial Data & Stock Exchanges,0.728,0.3436100036546495,94.586,32.45685,0.071,-8.318486807190425,-8.356844090007533,33.71848407204784,12.63,15624.809472,0.0101
FI,Low,2024-06-09 09:43:22.557609,Information Technology Services,0.923,0.33074994432694305,82.95,28.409006,0.306,0.0801766367633263,-0.1729658117008043,50.18129605857092,5.33,89150.496768,0.023980740713777773
FITB,Low,2024-06-09 09:43:22.557609,Banks - Regional,1.26,0.39935052976045166,172.63593303571432,11.50637,-0.068,0.3940122901354357,0.2480642378737443,54.70099751306889,3.14,24714.5472,0.0382
FMC,Low,2024-06-09 09:43:22.557609,Agricultural Inputs,0.884,0.31742676317715257,103.503,5.811282,0.4688577878103838,-0.3818336065618197,-0.5000395680882164,51.77996061606673,9.75,7072.187904,0.040900003
FOX,Low,2024-06-09 09:43:22.557609,Entertainment,0.781,0.3255204534934695,74.499,10.022082,0.4688577878103838,0.3196144330516262,0.3097370809411712,48.78008748382116,3.17,15368.928256,0.0164
FRT,Low,2024-06-09 09:43:22.557609,REIT - Retail,1.212,0.2703401691358642,143.801,35.94662,0.025,0.8549957811440976,0.3587894500439801,68.87028541469248,2.81,8442.810368,0.0432
GE,Low,2024-06-09 09:43:22.557609,Aerospace & Defense,1.245,0.27428424350431396,72.125,42.498688,-0.795,6.110687528219842,6.097720911563216,61.19251763134732,3.81,177239.261184,0.0069
GEV,Low,2024-06-09 09:43:22.557609,Utilities - Renewable,1.06468154158215,0.5191927753344426,10.229,32.08043528089172,0.4688577878103838,3.839352796891177,1.2063582251836,66.67937537810278,8.213420000000001,44423.860224,0.023980740713777773
GL,Low,2024-06-09 09:43:22.557609,Insurance - Life,0.778,0.31605995439190376,46.903,7.775335,0.137,-9.146046094586763,-11.282235440136793,47.84490121846829,10.46,7504.2944,0.0117999995
GM,Low,2024-06-09 09:43:22.557609,Auto Manufacturers,1.495,0.3420781878507644,176.517,5.582418,0.244,0.7698682137711117,0.6838061030465301,51.51738562312841,8.19,52138.631168,0.0105
GOOG,Low,2024-06-09 09:43:22.557609,Internet Content & Information,1.019,0.30698231884229016,9.69,26.944868,0.572,4.165676369759211,3.571496538413527,56.962821928010456,6.53,2164343.43936,0.0045
GOOGL,Low,2024-06-09 09:43:22.557609,Internet Content & Information,1.019,0.30680363091535845,9.69,26.75767,0.572,4.00396927902807,3.432277261964398,56.52606590838839,6.52,2164350.779392,0.0046
GPC,Low,2024-06-09 09:43:22.557609,Auto Parts,0.949,0.24134411279315776,111.952,16.186176,-0.181,2.688096861333662,2.057947218273511,49.83877759823716,8.97,20224.823296,0.0276
GPN,Low,2024-06-09 09:43:22.557609,Specialty Business Services,0.971,0.3308908642104714,79.371,19.425446,0.4688577878103838,-1.430329504969876,-1.5928535427182204,36.203299503677314,5.03,24940.476416,0.010199999
GS,Low,2024-06-09 09:43:22.557609,Capital Markets,1.393,0.3636271697353053,607.856,17.72837,0.278,7.2837731788278575,5.229514822042143,65.6872230401529,25.66,146691.653632,0.0242
HAS,Low,2024-06-09 09:43:22.557609,Leisure,0.657,0.3510765791705588,339.45,32.08043528089172,0.4688577878103838,2.3616901622986437,1.6942304150365464,62.127058835342645,-10.15,8137.175552,0.0479
HD,Low,2024-06-09 09:43:22.557609,Home Improvement Retail,1.011,0.36481356095305867,2857.473,21.933601,-0.07,-8.87995145728047,-9.049236402624778,35.6442837926224,14.91,324287.52896,0.0275
HES,Low,2024-06-09 09:43:22.557609,Oil & Gas E&P,1.252,0.37819497128098345,91.568,22.628834,1.809,2.450535743974399,2.0389125708235416,50.16823446595561,6.52,45458.8416,0.0119
HPQ,Low,2024-06-09 09:43:22.557609,Computer Hardware,1.071,0.35824349739674327,172.63593303571432,12.314189,-0.424,-0.3953413245098645,-0.4131544628075334,44.89326795460404,2.96,35668.512768,0.030199999
HSIC,Low,2024-06-09 09:43:22.557609,Medical Distribution,0.874,0.3346883826116786,53.982,23.06734,-0.231,-0.5415916948514905,-0.6201175487553567,28.306568329249476,2.97,8772.773888,0.023980740713777773
IDXX,Low,2024-06-09 09:43:22.557609,Diagnostics & Research,1.272,0.39799857639898284,68.133,48.30194,0.101,-9.73022159296761,-12.280713396629764,45.75005133650481,10.3,41088.008192,0.023980740713777773
INCY,Low,2024-06-09 09:43:22.557609,Biotechnology,0.687,0.6350891059186087,0.693,17.927273,6.812,-1.400018312918874,-1.449580733983325,38.62782282434523,3.3,13302.422528,0.023980740713777773
INTU,Low,2024-06-09 09:43:22.557609,Software - Application,1.06468154158215,0.46056664921958246,172.63593303571432,52.89401,-0.146,-2.0529767962955248,-4.39714689527981,48.72502902248603,10.85,160432.029696,0.0063
INVH,Low,2024-06-09 09:43:22.557609,REIT - Residential,0.943,0.26460611393514466,84.169,39.78409,0.184,-0.002895236227637,-0.051780331786745,49.1926932345177,0.88,21444.88448,0.032
IPG,Low,2024-06-09 09:43:22.557609,Advertising Agencies,1.125,0.34522030845717616,117.879,10.9323845,-0.124,-0.2459666791911665,-0.3030261929505675,35.47112457452219,2.81,11594.46528,0.043
IQV,Low,2024-06-09 09:43:22.557609,Diagnostics & Research,1.526,0.2792540521085613,219.01,29.949451,-0.003,-2.836268521229954,-3.128100806988201,40.82849676155181,7.32,39943.704576,0.023980740713777773
IR,Low,2024-06-09 09:43:22.557609,Specialty Industrial Machinery,1.405,0.34742746799572255,28.232,44.34328,0.255,0.2381160076062798,0.0420278929162915,63.02170272811506,2.01,35976.876032,0.00090000004
IRM,Low,2024-06-09 09:43:22.557609,REIT - Specialty,0.977,0.3174806040501115,7850.252,129.5,0.147,0.0131607105450513,-0.1373754989594269,55.310117154963976,0.66,25054.076928,0.0304
JPM,Low,2024-06-09 09:43:22.557609,Banks - Diversified,1.116,0.35352057607780096,172.63593303571432,12.0597105,0.063,0.4427239778731859,0.0647635232727368,54.14296405640976,16.58,574190.3872,0.023
KIM,Low,2024-06-09 09:43:22.557609,REIT - Retail,1.445,0.33995463947851434,71.419,35.452835,0.4688577878103838,-0.1063377130138576,-0.2095643558844082,56.50800628927327,0.53,12666.63936,0.0511
KMI,Low,2024-06-09 09:43:22.557609,Oil & Gas Midstream,0.877,0.29256555950262364,101.27,18.0,0.099,0.2071184319187686,0.1926359863533206,50.7505464400415,1.09,43544.236032,0.0586
L,Low,2024-06-09 09:43:22.557609,Insurance - Property & Casualty,0.824,0.26813817405727813,59.436,11.181278,0.219,0.0054931188134617,-0.0635365174581996,44.39336655963926,6.73,16660.801536,0.0033000002
LH,Low,2024-06-09 09:43:22.557609,Diagnostics & Research,1.006,0.3930761718960828,75.828,42.00855,0.071,-2.9761447178475464,-3.042929606579133,43.61162994624488,4.68,16572.122112,0.0146
LHX,Low,2024-06-09 09:43:22.557609,Aerospace & Defense,0.636,0.31673070309661006,73.187,36.0813,-0.16,0.9674891201938748,-0.5170796711099798,66.23501908803921,6.15,42089.992192,0.0209
LMT,Low,2024-06-09 09:43:22.557609,Aerospace & Defense,0.455,0.3044009356914876,292.0,17.214575,-0.085,5.549295510045056,5.224263783719727,62.21957162915808,27.31,112802.054144,0.026800001
LW,Low,2024-06-09 09:43:22.557609,Packaged Foods,0.792,0.3223342977416535,220.726,11.430093,-0.166,-3.365498306626108,-4.333539517372179,45.40988188563585,7.51,12394.523648,0.0168
MCK,Low,2024-06-09 09:43:22.557609,Medical Distribution,0.451,0.31823342080680245,172.63593303571432,26.247765,0.005,2.6388446519497397,1.684600487810605,57.75387923693629,22.36,76288.786432,0.0042
MDT,Low,2024-06-09 09:43:22.557609,Medical Devices,0.795,0.3160112714965582,49.631,30.460144,-0.445,-0.9903662602656312,-1.0333742431432624,45.65733608324714,2.76,110244.356096,0.033299997
MNST,Low,2024-06-09 09:43:22.557609,Beverages - Non-Alcoholic,0.735,0.7867639859913941,0.722,33.3481,0.112,-1.047524286233191,-1.0770179026209468,39.8056646437292,1.58,55231.238144,0.023980740713777773
NEM,Low,2024-06-09 09:43:22.557609,Gold,0.49,0.39665493783684636,32.564,32.08043528089172,-0.516,1.5002217122911148,1.313318630356512,55.834023673945694,-3.27,46540.730368,0.0248
NKE,Low,2024-06-09 09:43:22.557609,Footwear & Accessories,1.076,0.34111180490208814,85.091,28.397058,-0.055,-0.5606475348174342,-0.8809008618018148,37.426905947943816,3.4,145728.7168,0.0153
O,Low,2024-06-09 09:43:22.557609,REIT - Retail,0.924,0.28098728318104416,66.072,49.37037,-0.412,0.3446744095808824,0.1623961625575026,59.85235600411701,1.08,46429.671424,0.057800002
OKE,Low,2024-06-09 09:43:22.557609,Oil & Gas Midstream,1.607,0.3317208730471003,133.785,18.59338,-0.391,0.8263779839746945,0.7717794638998783,51.14886292124384,4.23,45903.835136,0.050300002
OMC,Low,2024-06-09 09:43:22.557609,Advertising Agencies,0.97,0.28577975073041145,155.387,12.326117,0.4,0.6843799537056157,0.5543866457104368,41.95753405177744,7.39,17838.518272,0.0307
PANW,Low,2024-06-09 09:43:22.557609,Software - Infrastructure,1.182,0.3964168226039473,34.297,43.690304,1.586,1.2730628830458386,-1.2341939131549473,59.75375369313137,6.91,97755.21792,0.023980740713777773
PCG,Low,2024-06-09 09:43:22.557609,Utilities - Regulated Electric,1.261,0.3524149944454262,225.409,16.11607,0.286,0.1519408071236192,0.0926802933164718,61.88175301414797,1.12,47198.941184,0.0022
PNC,Low,2024-06-09 09:43:22.557609,Banks - Regional,1.153,0.31175676909994116,172.63593303571432,13.088161,-0.207,0.8086590213946465,0.7037794390573814,45.08375673975375,11.91,62025.744384,0.0398
PODD,Low,2024-06-09 09:43:22.557609,Medical Devices,0.991,0.5168570163522648,177.248,57.483482,1.164,-1.0848378863230437,-1.471298594462359,60.11313349610404,3.33,13406.961664,0.023980740713777773
PPL,Low,2024-06-09 09:43:22.557609,Utilities - Regulated Electric,0.822,0.22020111376895146,114.568,27.582525,0.077,0.1268340862244983,0.0729655201521891,60.255484796940806,1.03,20959.22176,0.0363
PWR,Low,2024-06-09 09:43:22.557609,Engineering & Construction,1.1,0.5027127008461608,62.923,52.39689,0.245,2.65139963376447,2.256812817925363,59.961536581919006,5.14,39425.216512,0.0013
REG,Low,2024-06-09 09:43:22.557609,REIT - Retail,1.167,0.3132277860614874,64.954,29.873173,0.128,-0.1846811292287071,-0.3322769049242662,54.31359598510852,2.05,11383.230464,0.0438
RHI,Low,2024-06-09 09:43:22.557609,Staffing & Employment Services,1.295,0.3658253006295911,15.862,18.58209,-0.478,-2.0744171938945897,-2.08348404578196,29.80875204317431,3.35,6532.079104,0.0341
RL,Low,2024-06-09 09:43:22.557609,Apparel Manufacturing,1.567,0.39431691464385177,109.183,18.719877,1.808,-2.6983039149334616,-3.332524662994542,41.48405283008159,9.71,11362.333696,0.0182
RVTY,Low,2024-06-09 09:43:22.557609,Diagnostics & Research,1.086,0.3655546827521216,51.024,74.945946,-0.954,-0.5894997445126222,-0.7432606476568848,48.608631835300656,1.48,13686.751232,0.0025
SBUX,Low,2024-06-09 09:43:22.557609,Restaurants,0.966,0.3751067465566741,172.63593303571432,22.432507,-0.15,-0.4723545260742696,-0.8776041710936333,59.37446012416382,3.63,92235.767808,0.027999999
SNPS,Low,2024-06-09 09:43:22.557609,Software - Infrastructure,1.069,0.3971440079833578,8.968,62.52188,0.07,-9.712178653439423,-10.120421170037812,42.043296221718,9.14,87555.284992,0.023980740713777773
SOLV,Low,2024-06-09 09:43:22.557609,Health Information Services,1.06468154158215,0.3676369916342001,215.606,32.08043528089172,-0.191,-0.8872341972612787,-1.2940488294466863,55.38315273097147,8.213420000000001,9742.57152,0.023980740713777773
SPGI,Low,2024-06-09 09:43:22.557609,Financial Data & Stock Exchanges,1.138,0.2973161699478628,32.241,48.06502,0.247,-2.9554015815847947,-3.168207931599532,47.58941534211862,8.92,134152.740864,0.0085
STE,Low,2024-06-09 09:43:22.557609,Medical Devices,0.807,0.3890919547763019,53.571,40.80036,0.4688577878103838,-4.736899619899077,-5.653621715804974,47.91931737264442,5.56,22435.465216,0.0092
STX,Low,2024-06-09 09:43:22.557609,Computer Hardware,1.077,0.4509659027628002,172.63593303571432,32.08043528089172,0.4688577878103838,-0.851809622088382,-0.979861660748562,46.70597213971838,-1.3,20182.042624,0.0291
SYF,Low,2024-06-09 09:43:22.557609,Credit Services,1.579,0.3744274449532512,172.63593303571432,6.260745,1.151,0.7890866950421938,0.436541384832121,62.49587376817483,6.98,17547.472896,0.0229
SYK,Low,2024-06-09 09:43:22.557609,Medical Devices,0.919,0.3304097584943147,69.894,39.83238,0.331,-3.5673567711463647,-3.763387624005426,46.835131959882254,8.77,133077.262336,0.0092
SYY,Low,2024-06-09 09:43:22.557609,Food Distribution,1.156,0.3088340778093779,614.969,17.721952,-0.011,-0.6896593287361981,-0.6917626297071138,24.935090128034872,4.1,36183.375872,0.028099999
TDG,Low,2024-06-09 09:43:22.557609,Aerospace & Defense,1.395,0.3318542196725991,172.63593303571432,52.087475,0.326,13.68224171363181,11.51503368199366,58.36236887005218,25.15,73305.636864,0.023980740713777773
TFC,Low,2024-06-09 09:43:22.557609,Banks - Regional,1.061,0.30913737708078703,172.63593303571432,32.08043528089172,-0.209,0.2523322808440653,0.2014749653237137,47.78533738821905,-1.31,48399.07328,0.0575
TFX,Low,2024-06-09 09:43:22.557609,Medical Instruments & Supplies,1.124,0.2874285695440758,42.091,34.0112,-0.801,-3.834066854659511,-4.087276576244419,43.52198732728099,6.25,10012.60032,0.0064
TJX,Low,2024-06-09 09:43:22.557609,Apparel Retail,0.878,0.35015133214906924,168.515,26.66005,0.201,-0.6746731397879131,-0.8095933723311187,40.62995457107755,4.03,121423.323136,0.0139999995
TMO,Low,2024-06-09 09:43:22.557609,Diagnostics & Research,0.799,0.3187387048706714,78.171,37.321133,0.03,-0.8638997077223394,-2.588369998429775,51.11605903264953,15.57,221811.359744,0.0027
TSN,Low,2024-06-09 09:43:22.557609,Farm Products,0.731,0.3711280609171507,60.144,32.08043528089172,0.4688577878103838,1.0484332611348393,1.0160403354528655,60.6810894373556,-1.77,19887.556608,0.035099998
TXN,Low,2024-06-09 09:43:22.557609,Semiconductors,1.001,0.3753125514167823,83.548,30.468847,-0.353,1.6605933005842817,0.3188885943367772,62.99616616620731,6.42,178099.388416,0.026600001
UHS,Low,2024-06-09 09:43:22.557609,Medical Care Facilities,1.266,0.37368707227058695,84.097,15.919355,0.605,-1.3642974478215135,-2.1529858621875184,64.11609465062133,11.78,12551.232512,0.0043
UNH,Low,2024-06-09 09:43:22.557609,Healthcare Plans,0.561,0.3964752657039865,75.979,29.938377,0.4688577878103838,2.9380691029530794,-0.0880886137293995,51.041383029921,16.39,451623.714816,0.0171
UNP,Low,2024-06-09 09:43:22.557609,Railroads,1.062,0.2771934900942395,212.359,21.794455,0.007,-1.2307279448833128,-2.307137284145829,48.91612668766284,10.46,139089.5104,0.0228
UPS,Low,2024-06-09 09:43:22.557609,Integrated Freight & Logistics,1.049,0.24355664409914488,144.08,19.918959,-0.413,-0.709431549332777,-1.1440650176259746,52.53115203598252,6.91,117759.13984,0.047399998
VICI,Low,2024-06-09 09:43:22.557609,REIT - Diversified,0.916,0.3210687615667417,68.223,11.2579365,0.137,-0.1098168195041786,-0.2177395683303281,52.78973592316415,2.52,29595.019264,0.0585
VLTO,Low,2024-06-09 09:43:22.557609,Pollution & Treatment Controls,1.06468154158215,0.264713892728144,187.097,30.718266,-0.182,1.7369282688865155,1.3068134262180058,62.67024148199556,3.23,24492.161024,0.0036000002
VRTX,Low,2024-06-09 09:43:22.557609,Biotechnology,0.387,0.5596046769074465,3.889,31.34588,0.571,-4.159688210585614,-4.403621425593103,33.31351860450846,15.41,124649.92256,0.023980740713777773
VST,Low,2024-06-09 09:43:22.557609,Utilities - Independent Power Producers,1.03,0.34929899165581574,226.043,52.190186,0.4688577878103838,2.51554468268246,2.193664188638866,66.89901574728606,1.63,29558.421504,0.010199999
VTRS,Low,2024-06-09 09:43:22.557609,Drug Manufacturers - Specialty & Generic,1.134,0.45316671964621547,90.986,32.08043528089172,-0.493,-0.0848815800918956,-0.1405426657557997,53.538336060154506,-0.05,12466.420736,0.0458
WAT,Low,2024-06-09 09:43:22.557609,Diagnostics & Research,0.976,0.3697601816044437,170.635,29.67485,-0.275,-7.9517826447170705,-8.096039061141322,42.57228040654603,10.18,17919.88736,0.023980740713777773
WFC,Low,2024-06-09 09:43:22.557609,Banks - Diversified,1.182,0.33016987655286933,172.63593303571432,12.158333,-0.075,0.974289991174011,0.9437243113749854,52.29755136646243,4.8,203461.640192,0.024
WM,Low,2024-06-09 09:43:22.557609,Waste Management,0.723,0.34748797242369156,227.437,32.769608,0.328,0.737676002773469,0.5151596860106561,46.19470523669607,6.12,80437.198848,0.015
XYL,Low,2024-06-09 09:43:22.557609,Specialty Industrial Machinery,1.083,0.2641957350302299,23.268,47.680557,0.545,1.140612406802319,0.8632348930622221,56.270087470140055,2.88,33292.824576,0.0105
YUM,Low,2024-06-09 09:43:22.557609,Restaurants,1.073,0.2955435882651118,172.63593303571432,24.817377,0.047,1.286671143177898,0.9151413912095376,59.4050611394167,5.64,39420.030976,0.0191
ZTS,Low,2024-06-09 09:43:22.557609,Drug Manufacturers - Specialty & Generic,0.857,0.2556390301415578,134.6,34.15444,0.085,-4.022703184553564,-5.726804866566727,60.4466229953767,5.18,80727.711744,0.0098
